,alpha,beta,gamma,tau,scf_bc,nn_scf_bc
0,4,0.2,8,0.2,1.322984627,1.3915896
1,13,0.2,8,0.2,1.286372032,1.3540225
2,22,0.2,8,0.2,1.286632132,1.3519758
3,31,0.2,8,0.2,1.286826091,1.3502884
4,40,0.2,8,0.2,1.286781855,1.3489746
5,4,0.3,8,0.2,3.377927192,2.8969107
6,13,0.3,8,0.2,3.531720802,2.8219151
7,22,0.3,8,0.2,3.532126627,2.8361425
8,31,0.3,8,0.2,3.532043308,2.8459969
9,40,0.3,8,0.2,3.532037993,2.8542812
10,4,0.4,8,0.2,2.657882623,2.8143563
11,13,0.4,8,0.2,2.501056729,2.5261402
12,22,0.4,8,0.2,2.501278147,2.5324419
13,31,0.4,8,0.2,2.501292309,2.5456617
14,40,0.4,8,0.2,2.501516053,2.5577564
15,4,0.5,8,0.2,2.57636983,2.543619
16,13,0.5,8,0.2,2.241018857,2.2392604
17,22,0.5,8,0.2,2.23656079,2.254845
18,31,0.5,8,0.2,2.236559986,2.2874343
19,40,0.5,8,0.2,2.236609259,2.312095
20,4,0.6,8,0.2,2.456663301,2.2369514
21,13,0.6,8,0.2,2.055737112,2.071542
22,22,0.6,8,0.2,2.04388881,2.0697603
23,31,0.6,8,0.2,2.043785106,2.0979512
24,40,0.6,8,0.2,2.043755037,2.1169817
25,4,0.7,8,0.2,2.377953506,2.109915
26,13,0.7,8,0.2,1.959190525,2.021043
27,22,0.7,8,0.2,1.945347036,1.9972148
28,31,0.7,8,0.2,1.942388519,2.0190163
29,40,0.7,8,0.2,1.942384956,2.0307052
30,4,0.2,14,0.2,3.462167458,3.4754066
31,13,0.2,14,0.2,3.753945498,3.7157702
32,22,0.2,14,0.2,3.756465974,3.7371585
33,31,0.2,14,0.2,3.75679772,3.747201
34,40,0.2,14,0.2,3.756759929,3.7530103
35,4,0.3,14,0.2,2.816644276,2.9844744
36,13,0.3,14,0.2,2.741376937,2.7959902
37,22,0.3,14,0.2,2.742329672,2.7901967
38,31,0.3,14,0.2,2.742622832,2.7666237
39,40,0.3,14,0.2,2.742674024,2.7465029
40,4,0.4,14,0.2,2.945213929,2.8722472
41,13,0.4,14,0.2,2.551304132,2.5852675
42,22,0.4,14,0.2,2.545390739,2.5794253
43,31,0.4,14,0.2,2.545682579,2.5812535
44,40,0.4,14,0.2,2.545262862,2.5835338
45,4,0.5,14,0.2,2.816675579,2.5940816
46,13,0.5,14,0.2,2.393066424,2.4443107
47,22,0.5,14,0.2,2.368442308,2.3876083
48,31,0.5,14,0.2,2.368425329,2.3926222
49,40,0.5,14,0.2,2.368432652,2.3998826
50,4,0.6,14,0.2,2.497744154,2.3997972
51,13,0.6,14,0.2,2.17629374,2.329716
52,22,0.6,14,0.2,2.143557729,2.2050724
53,31,0.6,14,0.2,2.135010855,2.1968834
54,40,0.6,14,0.2,2.135039235,2.1914408
55,4,0.7,14,0.2,2.374007667,2.3480577
56,13,0.7,14,0.2,2.291480582,2.3087993
57,22,0.7,14,0.2,2.141139931,2.1370656
58,31,0.7,14,0.2,2.119819292,2.116664
59,40,0.7,14,0.2,2.117145206,2.0994995
60,4,0.2,20,0.2,3.659289779,3.7257597
61,13,0.2,20,0.2,3.986329215,4.0170784
62,22,0.2,20,0.2,4.007052243,4.012857
63,31,0.2,20,0.2,4.008031164,4.0081735
64,40,0.2,20,0.2,4.008056726,3.9996483
65,4,0.3,20,0.2,3.383218609,3.376936
66,13,0.3,20,0.2,2.970458254,2.9415176
67,22,0.3,20,0.2,2.981987958,2.9621544
68,31,0.3,20,0.2,2.98285025,2.965715
69,40,0.3,20,0.2,2.982933293,2.9672003
70,4,0.4,20,0.2,3.283146455,3.1659124
71,13,0.4,20,0.2,2.506682244,2.4837813
72,22,0.4,20,0.2,2.487594978,2.474333
73,31,0.4,20,0.2,2.488005592,2.4923823
74,40,0.4,20,0.2,2.488059504,2.5064251
75,4,0.5,20,0.2,2.847909,2.7688856
76,13,0.5,20,0.2,2.222992634,2.3677313
77,22,0.5,20,0.2,2.188018176,2.2307231
78,31,0.5,20,0.2,2.183162278,2.235553
79,40,0.5,20,0.2,2.183175793,2.2466683
80,4,0.6,20,0.2,2.430020834,2.4437897
81,13,0.6,20,0.2,2.253345584,2.3270845
82,22,0.6,20,0.2,2.071643038,2.0668478
83,31,0.6,20,0.2,2.045569055,2.0484898
84,40,0.6,20,0.2,2.043750563,2.0407205
85,4,0.7,20,0.2,2.058825554,2.1352613
86,13,0.7,20,0.2,2.574946285,2.3778062
87,22,0.7,20,0.2,2.030135376,2.045277
88,31,0.7,20,0.2,2.010280463,2.0096061
89,40,0.7,20,0.2,1.995322586,1.9879799
90,4,0.2,26,0.2,3.957827427,3.9352803
91,13,0.2,26,0.2,4.166452068,4.154283
92,22,0.2,26,0.2,4.224931626,4.2122407
93,31,0.2,26,0.2,4.22466617,4.2306294
94,40,0.2,26,0.2,4.225160109,4.218056
95,4,0.3,26,0.2,4.135908207,4.0937057
96,13,0.3,26,0.2,3.16789303,3.1581907
97,22,0.3,26,0.2,3.200763307,3.1804433
98,31,0.3,26,0.2,3.201991794,3.1824207
99,40,0.3,26,0.2,3.202114143,3.170852
100,4,0.4,26,0.2,3.641589804,3.6035101
101,13,0.4,26,0.2,2.356450563,2.334065
102,22,0.4,26,0.2,2.319429952,2.3145838
103,31,0.4,26,0.2,2.319387665,2.3311865
104,40,0.4,26,0.2,2.319493241,2.3504953
105,4,0.5,26,0.2,2.969381353,2.8277671
106,13,0.5,26,0.2,2.114528063,2.243417
107,22,0.5,26,0.2,2.043007866,2.0117955
108,31,0.5,26,0.2,2.024616679,2.0050414
109,40,0.5,26,0.2,2.02453507,2.0169158
110,4,0.6,26,0.2,2.203421223,2.2334545
111,13,0.6,26,0.2,2.244885121,2.2953026
112,22,0.6,26,0.2,1.880317672,1.8854203
113,31,0.6,26,0.2,1.848265686,1.855569
114,40,0.6,26,0.2,1.839076525,1.848876
115,4,0.7,26,0.2,1.680792459,1.6225487
116,13,0.7,26,0.2,2.895351254,2.4331405
117,22,0.7,26,0.2,1.83986989,1.9186832
118,31,0.7,26,0.2,1.823095481,1.8659843
119,40,0.7,26,0.2,1.797195031,1.8424504
120,4,0.2,32,0.2,4.520225831,4.5084095
121,13,0.2,32,0.2,4.506198918,4.4927807
122,22,0.2,32,0.2,4.620537219,4.6610317
123,31,0.2,32,0.2,4.624440178,4.7032313
124,40,0.2,32,0.2,4.622171367,4.684201
125,4,0.3,32,0.2,4.854639052,4.7295055
126,13,0.3,32,0.2,3.162325222,3.1280663
127,22,0.3,32,0.2,3.200030586,3.18274
128,31,0.3,32,0.2,3.20062532,3.1832678
129,40,0.3,32,0.2,3.201329161,3.1566117
130,4,0.4,32,0.2,4.134180892,3.9886174
131,13,0.4,32,0.2,2.282855367,2.2748063
132,22,0.4,32,0.2,2.219072999,2.211136
133,31,0.4,32,0.2,2.215896239,2.2053404
134,40,0.4,32,0.2,2.215901826,2.2137845
135,4,0.5,32,0.2,2.990501259,2.9251919
136,13,0.5,32,0.2,1.961247347,2.1039202
137,22,0.5,32,0.2,1.791090612,1.7890277
138,31,0.5,32,0.2,1.756690171,1.7476223
139,40,0.5,32,0.2,1.75518085,1.7449532
140,4,0.6,32,0.2,2.033418035,2.051295
141,13,0.6,32,0.2,2.400221867,2.3096764
142,22,0.6,32,0.2,1.718578454,1.75574
143,31,0.6,32,0.2,1.69124683,1.6910809
144,40,0.6,32,0.2,1.670744398,1.6532122
145,4,0.7,32,0.2,1.342462527,1.3999772
146,13,0.7,32,0.2,3.372606851,2.5759788
147,22,0.7,32,0.2,1.775056035,1.8665019
148,31,0.7,32,0.2,1.729247492,1.7856234
149,40,0.7,32,0.2,1.729247492,1.7275704
150,4,0.2,8,0.4,1.588952658,1.5625528
151,13,0.2,8,0.4,1.328016793,1.3317742
152,22,0.2,8,0.4,1.327106458,1.3346912
153,31,0.2,8,0.4,1.327048469,1.339982
154,40,0.2,8,0.4,1.32688594,1.3437123
155,4,0.3,8,0.4,1.710049495,1.7918329
156,13,0.3,8,0.4,1.379639293,1.4158287
157,22,0.3,8,0.4,1.3787614,1.3953177
158,31,0.3,8,0.4,1.378609687,1.4211777
159,40,0.3,8,0.4,1.378279409,1.4548273
160,4,0.4,8,0.4,1.876856475,1.9279819
161,13,0.4,8,0.4,1.40359562,1.4308895
162,22,0.4,8,0.4,1.403296494,1.434254
163,31,0.4,8,0.4,1.40311026,1.4381565
164,40,0.4,8,0.4,1.402996113,1.4274213
165,4,0.5,8,0.4,2.168867441,2.2076037
166,13,0.5,8,0.4,1.432398908,1.4520422
167,22,0.5,8,0.4,1.43144665,1.4626691
168,31,0.5,8,0.4,1.431309629,1.4674997
169,40,0.5,8,0.4,1.431168818,1.4579325
170,4,0.6,8,0.4,2.413417166,2.4035587
171,13,0.6,8,0.4,1.409020552,1.4739654
172,22,0.6,8,0.4,1.405620162,1.4485193
173,31,0.6,8,0.4,1.405446605,1.4580812
174,40,0.6,8,0.4,1.405332817,1.4592319
175,4,0.7,8,0.4,2.622021868,2.5574536
176,13,0.7,8,0.4,1.425468395,1.5076625
177,22,0.7,8,0.4,1.415442562,1.4455467
178,31,0.7,8,0.4,1.415236597,1.4574852
179,40,0.7,8,0.4,1.415110337,1.4643016
180,4,0.2,14,0.4,2.042928633,1.97793
181,13,0.2,14,0.4,1.699649446,1.7098223
182,22,0.2,14,0.4,1.69119429,1.6680244
183,31,0.2,14,0.4,1.69103343,1.6664209
184,40,0.2,14,0.4,1.691152491,1.6720545
185,4,0.3,14,0.4,2.275404443,2.3968978
186,13,0.3,14,0.4,1.85661367,1.9644523
187,22,0.3,14,0.4,1.845637731,1.9130173
188,31,0.3,14,0.4,1.845298821,1.8996527
189,40,0.3,14,0.4,1.84458397,1.8886042
190,4,0.4,14,0.4,2.599776353,2.577999
191,13,0.4,14,0.4,1.777865781,1.8110224
192,22,0.4,14,0.4,1.763440796,1.7935404
193,31,0.4,14,0.4,1.763028881,1.7930151
194,40,0.4,14,0.4,1.76297216,1.7885658
195,4,0.5,14,0.4,2.823014425,2.7191827
196,13,0.5,14,0.4,1.59198787,1.6104677
197,22,0.5,14,0.4,1.570467409,1.5783687
198,31,0.5,14,0.4,1.569303237,1.5940673
199,40,0.5,14,0.4,1.569120192,1.6029294
200,4,0.6,14,0.4,2.807779861,2.736908
201,13,0.6,14,0.4,1.485215501,1.5445933
202,22,0.6,14,0.4,1.44751808,1.4747503
203,31,0.6,14,0.4,1.447001736,1.4896941
204,40,0.6,14,0.4,1.446921656,1.49931
205,4,0.7,14,0.4,2.797836175,2.700326
206,13,0.7,14,0.4,1.488063132,1.5584658
207,22,0.7,14,0.4,1.447870723,1.4452919
208,31,0.7,14,0.4,1.444465443,1.4550904
209,40,0.7,14,0.4,1.444414449,1.4626749
210,4,0.2,20,0.4,2.54320902,2.5526073
211,13,0.2,20,0.4,2.277625659,2.3238974
212,22,0.2,20,0.4,2.244466721,2.2402344
213,31,0.2,20,0.4,2.244134122,2.2306237
214,40,0.2,20,0.4,2.244129657,2.2283578
215,4,0.3,20,0.4,2.797343447,2.8683455
216,13,0.3,20,0.4,2.259858738,2.292169
217,22,0.3,20,0.4,2.2150359,2.2014062
218,31,0.3,20,0.4,2.214917169,2.1809273
219,40,0.3,20,0.4,2.214784569,2.1684601
220,4,0.4,20,0.4,3.112545437,3.1707513
221,13,0.4,20,0.4,1.782733697,1.8148985
222,22,0.4,20,0.4,1.71590362,1.7258753
223,31,0.4,20,0.4,1.715674,1.725059
224,40,0.4,20,0.4,1.715487713,1.7307364
225,4,0.5,20,0.4,3.215726776,3.1540678
226,13,0.5,20,0.4,1.527505737,1.498193
227,22,0.5,20,0.4,1.425152856,1.3848835
228,31,0.5,20,0.4,1.424699173,1.4097888
229,40,0.5,20,0.4,1.42443284,1.4320824
230,4,0.6,20,0.4,2.832328016,2.7805297
231,13,0.6,20,0.4,1.387446106,1.4578577
232,22,0.6,20,0.4,1.27483134,1.2899643
233,31,0.6,20,0.4,1.272446179,1.3116987
234,40,0.6,20,0.4,1.272016413,1.3292484
235,4,0.7,20,0.4,2.486105488,2.5261052
236,13,0.7,20,0.4,1.413242031,1.5265096
237,22,0.7,20,0.4,1.285450456,1.3012004
238,31,0.7,20,0.4,1.268957703,1.3150318
239,40,0.7,20,0.4,1.26852046,1.3277991
240,4,0.2,26,0.4,3.065072483,3.1058946
241,13,0.2,26,0.4,2.883250403,2.870286
242,22,0.2,26,0.4,2.825914067,2.7954423
243,31,0.2,26,0.4,2.825650424,2.8053527
244,40,0.2,26,0.4,2.82543062,2.818647
245,4,0.3,26,0.4,3.221517419,3.1028075
246,13,0.3,26,0.4,2.213791429,2.2645047
247,22,0.3,26,0.4,2.110281073,2.1453211
248,31,0.3,26,0.4,2.109642181,2.1314075
249,40,0.3,26,0.4,2.109037425,2.1280491
250,4,0.4,26,0.4,3.648862931,3.7132506
251,13,0.4,26,0.4,1.654654228,1.6427978
252,22,0.4,26,0.4,1.480286291,1.4654858
253,31,0.4,26,0.4,1.47912124,1.4625494
254,40,0.4,26,0.4,1.478315047,1.4796311
255,4,0.5,26,0.4,3.509024878,3.416541
256,13,0.5,26,0.4,1.32715562,1.28417
257,22,0.5,26,0.4,1.085515634,1.0313095
258,31,0.5,26,0.4,1.083963337,1.0467457
259,40,0.5,26,0.4,1.082856342,1.0795406
260,4,0.6,26,0.4,2.653266906,2.5966048
261,13,0.6,26,0.4,1.170814064,1.3228927
262,22,0.6,26,0.4,0.932182796,0.976577
263,31,0.6,26,0.4,0.920932523,0.98232824
264,40,0.6,26,0.4,0.919925959,0.99750143
265,4,0.7,26,0.4,2.078539065,1.9533622
266,13,0.7,26,0.4,1.420308422,1.4928452
267,22,0.7,26,0.4,1.09256628,1.065995
268,31,0.7,26,0.4,1.060968015,1.067638
269,40,0.7,26,0.4,1.057765015,1.0768753
270,4,0.2,32,0.4,3.610725716,3.5905406
271,13,0.2,32,0.4,3.449239711,3.3783484
272,22,0.2,32,0.4,3.375778915,3.3451843
273,31,0.2,32,0.4,3.374132729,3.3493626
274,40,0.2,32,0.4,3.373429765,3.3503175
275,4,0.3,32,0.4,3.57452297,3.574884
276,13,0.3,32,0.4,2.212869397,2.2287416
277,22,0.3,32,0.4,2.01887375,2.0482826
278,31,0.3,32,0.4,2.014656117,2.019243
279,40,0.3,32,0.4,2.013684002,2.0324514
280,4,0.4,32,0.4,4.111268148,4.133767
281,13,0.4,32,0.4,1.428378335,1.4488441
282,22,0.4,32,0.4,1.090600412,1.1363186
283,31,0.4,32,0.4,1.083601718,1.1049587
284,40,0.4,32,0.4,1.114894321,1.1317749
285,4,0.5,32,0.4,3.64407408,3.5964708
286,13,0.5,32,0.4,1.07301015,1.0549487
287,22,0.5,32,0.4,0.631984499,0.6561034
288,31,0.5,32,0.4,0.622368237,0.64670104
289,40,0.5,32,0.4,0.635742082,0.6610458
290,4,0.6,32,0.4,2.491537631,2.3486934
291,13,0.6,32,0.4,1.079945581,1.1951326
292,22,0.6,32,0.4,0.649082889,0.67355144
293,31,0.6,32,0.4,0.619152677,0.66101587
294,40,0.6,32,0.4,0.617283041,0.6388651
295,4,0.7,32,0.4,1.643792932,1.4972929
296,13,0.7,32,0.4,1.526100851,1.4995148
297,22,0.7,32,0.4,0.898431528,0.82973164
298,31,0.7,32,0.4,0.857071214,0.819298
299,40,0.7,32,0.4,0.847438249,0.795254
300,4,0.2,8,0.6,1.143574497,1.2141865
301,13,0.2,8,0.6,0.800038656,0.7555285
302,22,0.2,8,0.6,0.799462935,0.7782876
303,31,0.2,8,0.6,0.799579535,0.8199041
304,40,0.2,8,0.6,0.799613745,0.87128836
305,4,0.3,8,0.6,1.251505368,1.3005774
306,13,0.3,8,0.6,0.723007615,0.7417735
307,22,0.3,8,0.6,0.72147876,0.7285139
308,31,0.3,8,0.6,0.721412143,0.728848
309,40,0.3,8,0.6,0.721476639,0.7332676
310,4,0.4,8,0.6,1.462295314,1.5280514
311,13,0.4,8,0.6,0.781918927,0.8092324
312,22,0.4,8,0.6,0.780301296,0.7876098
313,31,0.4,8,0.6,0.780287609,0.78690124
314,40,0.4,8,0.6,0.780409874,0.79029423
315,4,0.5,8,0.6,1.741782555,1.8103434
316,13,0.5,8,0.6,0.848735581,0.84812814
317,22,0.5,8,0.6,0.847188434,0.825777
318,31,0.5,8,0.6,0.846917066,0.82457083
319,40,0.5,8,0.6,0.846763179,0.8233284
320,4,0.6,8,0.6,2.060912971,2.1073096
321,13,0.6,8,0.6,0.91988781,0.891148
322,22,0.6,8,0.6,0.918008396,0.88813454
323,31,0.6,8,0.6,0.917658713,0.8992261
324,40,0.6,8,0.6,0.917555987,0.89910316
325,4,0.7,8,0.6,2.36282951,2.3576872
326,13,0.7,8,0.6,0.972754616,0.9809339
327,22,0.7,8,0.6,0.969246087,0.9947223
328,31,0.7,8,0.6,0.968745724,1.0241982
329,40,0.7,8,0.6,0.968573642,1.0345045
330,4,0.2,14,0.6,1.399615236,1.445851
331,13,0.2,14,0.6,0.702596261,0.7664642
332,22,0.2,14,0.6,0.687905538,0.7243642
333,31,0.2,14,0.6,0.687402643,0.71857715
334,40,0.2,14,0.6,0.687693043,0.72756416
335,4,0.3,14,0.6,1.770838468,1.7676404
336,13,0.3,14,0.6,0.937830416,1.0180148
337,22,0.3,14,0.6,0.917785323,0.93962264
338,31,0.3,14,0.6,0.916929299,0.92133284
339,40,0.3,14,0.6,0.916931111,0.92124414
340,4,0.4,14,0.6,2.093387238,2.048558
341,13,0.4,14,0.6,1.004171346,1.0689666
342,22,0.4,14,0.6,0.979599633,1.0093863
343,31,0.4,14,0.6,0.978632185,0.9961874
344,40,0.4,14,0.6,0.977946234,0.99322754
345,4,0.5,14,0.6,2.439324235,2.4731345
346,13,0.5,14,0.6,0.967866281,0.95602995
347,22,0.5,14,0.6,0.938931779,0.92942786
348,31,0.5,14,0.6,0.93772067,0.9343993
349,40,0.5,14,0.6,0.937601615,0.9377006
350,4,0.6,14,0.6,2.702751816,2.7429345
351,13,0.6,14,0.6,0.964177454,0.9437864
352,22,0.6,14,0.6,0.927756528,0.9110781
353,31,0.6,14,0.6,0.926730352,0.93054605
354,40,0.6,14,0.6,0.926526158,0.9402813
355,4,0.7,14,0.6,2.906040131,2.7960746
356,13,0.7,14,0.6,1.039790511,1.0468067
357,22,0.7,14,0.6,0.996265965,0.9812701
358,31,0.7,14,0.6,0.99530343,1.0035172
359,40,0.7,14,0.6,0.995104938,1.0164409
360,4,0.2,20,0.6,1.882785697,1.9266193
361,13,0.2,20,0.6,1.160483599,1.2380587
362,22,0.2,20,0.6,1.094093675,1.1463318
363,31,0.2,20,0.6,1.092822325,1.1440139
364,40,0.2,20,0.6,2.352198121,1.1672796
365,4,0.3,20,0.6,2.203245177,2.191981
366,13,0.3,20,0.6,1.317462741,1.3899862
367,22,0.3,20,0.6,1.229193367,1.2914234
368,31,0.3,20,0.6,1.228447836,1.2831064
369,40,0.3,20,0.6,1.228148789,1.2994674
370,4,0.4,20,0.6,2.54772653,2.4920175
371,13,0.4,20,0.6,1.099731255,1.1110982
372,22,0.4,20,0.6,0.982346093,0.9925728
373,31,0.4,20,0.6,0.981152606,0.97621727
374,40,0.4,20,0.6,0.980798847,0.9901734
375,4,0.5,20,0.6,2.790943126,2.8459718
376,13,0.5,20,0.6,0.833631827,0.815577
377,22,0.5,20,0.6,0.691853021,0.6926469
378,31,0.5,20,0.6,0.690519128,0.68719673
379,40,0.5,20,0.6,0.689897452,0.69566804
380,4,0.6,20,0.6,2.719002336,2.7626793
381,13,0.6,20,0.6,0.780060322,0.80711365
382,22,0.6,20,0.6,0.624518535,0.64884204
383,31,0.6,20,0.6,0.623596722,0.6551829
384,40,0.6,20,0.6,0.62298154,0.66089624
385,4,0.7,20,0.6,2.599623125,2.5600975
386,13,0.7,20,0.6,0.887164686,0.95293146
387,22,0.7,20,0.6,0.747134866,0.7530796
388,31,0.7,20,0.6,0.744229499,0.7652042
389,40,0.7,20,0.6,0.74361207,0.77373284
390,4,0.2,26,0.6,2.362913726,2.3876567
391,13,0.2,26,0.6,1.714176228,1.7099465
392,22,0.2,26,0.6,1.572545294,1.5759898
393,31,0.2,26,0.6,1.570673132,1.5896306
394,40,0.2,26,0.6,1.57064459,1.6286609
395,4,0.3,26,0.6,2.552171686,2.5608094
396,13,0.3,26,0.6,1.538387016,1.5360383
397,22,0.3,26,0.6,1.331274243,1.3379067
398,31,0.3,26,0.6,1.329532505,1.3294046
399,40,0.3,26,0.6,1.328442079,1.3711294
400,4,0.4,26,0.6,2.929973217,2.9042842
401,13,0.4,26,0.6,0.989194183,0.9630221
402,22,0.4,26,0.6,0.694233102,0.68183625
403,31,0.4,26,0.6,0.691952197,0.6388898
404,40,0.4,26,0.6,0.690405846,0.66601384
405,4,0.5,26,0.6,3.05997578,3.0804534
406,13,0.5,26,0.6,0.622687766,0.5889008
407,22,0.5,26,0.6,0.266126644,0.297265
408,31,0.5,26,0.6,0.263600593,0.26722112
409,40,0.5,26,0.6,0.261869002,0.2618277
410,4,0.6,26,0.6,2.646943719,2.5964553
411,13,0.6,26,0.6,0.595410613,0.6400138
412,22,0.6,26,0.6,0.23873047,0.2882702
413,31,0.6,26,0.6,0.236057001,0.2621353
414,40,0.6,26,0.6,0.234409231,0.25028312
415,4,0.7,26,0.6,2.188150894,2.1313457
416,13,0.7,26,0.6,0.771991924,0.84477335
417,22,0.7,26,0.6,0.469410844,0.4791135
418,31,0.7,26,0.6,0.45807596,0.46717748
419,40,0.7,26,0.6,0.456808078,0.45984495
420,4,0.2,32,0.6,2.689408872,2.6680143
421,13,0.2,32,0.6,2.10090212,2.1629755
422,22,0.2,32,0.6,1.879521463,1.8955544
423,31,0.2,32,0.6,1.875118672,1.8769934
424,40,0.2,32,0.6,1.874597782,1.9016057
425,4,0.3,32,0.6,2.807943639,2.8231633
426,13,0.3,32,0.6,1.543653107,1.5754751
427,22,0.3,32,0.6,1.168745551,1.1965569
428,31,0.3,32,0.6,1.160812641,1.1482089
429,40,0.3,32,0.6,1.158403111,1.2066243
430,4,0.4,32,0.6,3.20658105,3.2845826
431,13,0.4,32,0.6,0.730318839,0.7661176
432,22,0.4,32,0.6,0.184607727,0.33756295
433,31,0.4,32,0.6,0.173168937,0.26962608
434,40,0.4,32,0.6,0.170376288,0.2694142
435,4,0.5,32,0.6,3.311246962,3.2726011
436,13,0.5,32,0.6,0.431075928,0.38668773
437,22,0.5,32,0.6,0.22336815,0.1408578
438,31,0.5,32,0.6,0.236826787,0.17769244
439,40,0.5,32,0.6,0.239717386,0.12438867
440,4,0.6,32,0.6,2.455424697,2.4612749
441,13,0.6,32,0.6,0.457265604,0.5181741
442,22,0.6,32,0.6,0.142787086,0.11129672
443,31,0.6,32,0.6,0.158368729,0.14922903
444,40,0.6,32,0.6,0.160754897,0.122622035
445,4,0.7,32,0.6,1.697147344,1.8070307
446,13,0.7,32,0.6,0.778073192,0.7798003
447,22,0.7,32,0.6,0.251180872,0.24440037
448,31,0.7,32,0.6,0.220676221,0.20896378
449,40,0.7,32,0.6,0.218679023,0.17918329
450,4,0.2,8,0.8,1.059812405,1.066288
451,13,0.2,8,0.8,0.723017915,0.712083
452,22,0.2,8,0.8,0.722853804,0.7241907
453,31,0.2,8,0.8,0.723034366,0.73547965
454,40,0.2,8,0.8,0.723662754,0.7406583
455,4,0.3,8,0.8,0.985985024,0.9219915
456,13,0.3,8,0.8,0.369685495,0.340825
457,22,0.3,8,0.8,0.368588526,0.35043064
458,31,0.3,8,0.8,0.368671856,0.39964157
459,40,0.3,8,0.8,0.368817725,0.46109203
460,4,0.4,8,0.8,1.149252261,1.1485839
461,13,0.4,8,0.8,0.327102953,0.38545462
462,22,0.4,8,0.8,0.32585382,0.38581452
463,31,0.4,8,0.8,0.325828307,0.40628722
464,40,0.4,8,0.8,0.325758592,0.4206144
465,4,0.5,8,0.8,1.408395733,1.4729435
466,13,0.5,8,0.8,0.395736189,0.44755507
467,22,0.5,8,0.8,0.394118429,0.4473923
468,31,0.5,8,0.8,0.393722956,0.462369
469,40,0.5,8,0.8,0.393627596,0.4627037
470,4,0.6,8,0.8,1.703607073,1.7364403
471,13,0.6,8,0.8,0.493349258,0.56919044
472,22,0.6,8,0.8,0.491544191,0.56303704
473,31,0.6,8,0.8,0.490973878,0.5704014
474,40,0.6,8,0.8,0.490699509,0.5669703
475,4,0.7,8,0.8,2.025954495,1.9677302
476,13,0.7,8,0.8,0.611136823,0.63763607
477,22,0.7,8,0.8,0.608828951,0.61794955
478,31,0.7,8,0.8,0.608251303,0.6164329
479,40,0.7,8,0.8,0.607816678,0.60892516
480,4,0.2,14,0.8,0.947419465,0.95026934
481,13,0.2,14,0.8,0.051363751,0.14185445
482,22,0.2,14,0.8,1.75683215,0.06153867
483,31,0.2,14,0.8,0.034760155,0.06436223
484,40,0.2,14,0.8,0.035070127,0.114570685
485,4,0.3,14,0.8,1.309814767,1.3170459
486,13,0.3,14,0.8,0.123125884,0.1777436
487,22,0.3,14,0.8,0.098598194,0.12057946
488,31,0.3,14,0.8,0.097427603,0.10944292
489,40,0.3,14,0.8,0.097470148,0.111702606
490,4,0.4,14,0.8,1.662148264,1.7006744
491,13,0.4,14,0.8,0.250864895,0.2645216
492,22,0.4,14,0.8,0.219255869,0.1966333
493,31,0.4,14,0.8,0.218033222,0.18442611
494,40,0.4,14,0.8,0.217948149,0.17762782
495,4,0.5,14,0.8,2.028151062,2.0981653
496,13,0.5,14,0.8,0.332422547,0.34047928
497,22,0.5,14,0.8,0.296070825,0.26948082
498,31,0.5,14,0.8,0.294632811,0.2625533
499,40,0.5,14,0.8,0.294433525,0.25092894
500,4,0.6,14,0.8,2.361808588,2.4025037
501,13,0.6,14,0.8,0.434237425,0.44898137
502,22,0.6,14,0.8,0.395506433,0.38649425
503,31,0.6,14,0.8,0.39405678,0.39639708
504,40,0.6,14,0.8,0.393739526,0.3930012
505,4,0.7,14,0.8,2.65171032,2.6123846
506,13,0.7,14,0.8,0.583874628,0.59972286
507,22,0.7,14,0.8,0.542776897,0.52508634
508,31,0.7,14,0.8,0.541479478,0.5413699
509,40,0.7,14,0.8,0.541126013,0.546368
510,4,0.2,20,0.8,1.228144198,1.2957159
511,13,0.2,20,0.8,0.140652684,0.22501343
512,22,0.2,20,0.8,0.055172512,0.1227329
513,31,0.2,20,0.8,0.053341626,0.12146581
514,40,0.2,20,0.8,2.964479613,0.16909383
515,4,0.3,20,0.8,1.669795071,1.604366
516,13,0.3,20,0.8,0.354859961,0.30094486
517,22,0.3,20,0.8,0.234020674,0.17679943
518,31,0.3,20,0.8,0.231808062,0.15175916
519,40,0.3,20,0.8,0.23141809,0.14513318
520,4,0.4,20,0.8,2.013484264,2.027328
521,13,0.4,20,0.8,0.308603682,0.27616405
522,22,0.4,20,0.8,0.15405409,0.20136993
523,31,0.4,20,0.8,0.151921725,0.1793271
524,40,0.4,20,0.8,0.151178004,0.15849876
525,4,0.5,20,0.8,2.336912932,2.4010954
526,13,0.5,20,0.8,0.209782208,0.19447336
527,22,0.5,20,0.8,0.030611331,0.16465844
528,31,0.5,20,0.8,0.028701482,0.15309492
529,40,0.5,20,0.8,0.027867398,0.1364506
530,4,0.6,20,0.8,2.478509995,2.525595
531,13,0.6,20,0.8,0.250347736,0.21278559
532,22,0.6,20,0.8,0.064368118,0.103696354
533,31,0.6,20,0.8,0.062898089,0.10720087
534,40,0.6,20,0.8,0.061997156,0.10332067
535,4,0.7,20,0.8,2.525794758,2.517195
536,13,0.7,20,0.8,0.457174395,0.46534875
537,22,0.7,20,0.8,0.289700043,0.2548311
538,31,0.7,20,0.8,0.288594185,0.2642416
539,40,0.7,20,0.8,0.287773965,0.2646206
540,4,0.2,26,0.8,1.571135006,1.5697314
541,13,0.2,26,0.8,0.500192497,0.547521
542,22,0.2,26,0.8,0.296968524,0.28587145
543,31,0.2,26,0.8,0.294649382,0.27641034
544,40,0.2,26,0.8,0.293720196,0.3346804
545,4,0.3,26,0.8,1.868734293,1.9088144
546,13,0.3,26,0.8,0.498042059,0.45320848
547,22,0.3,26,0.8,0.210887819,0.26628563
548,31,0.3,26,0.8,0.208090828,0.23620346
549,40,0.3,26,0.8,0.206463545,0.21926817
550,4,0.4,26,0.8,2.223929489,2.256131
551,13,0.4,26,0.8,0.201923661,0.26911527
552,22,0.4,26,0.8,0.183423048,0.34940803
553,31,0.4,26,0.8,0.186696501,0.3482117
554,40,0.4,26,0.8,0.189250589,0.29035166
555,4,0.5,26,0.8,2.498780912,2.5111432
556,13,0.5,26,0.8,0.004482985,0.12877637
557,22,0.5,26,0.8,0.439059292,0.364959
558,31,0.5,26,0.8,0.44243463,0.39549738
559,40,0.5,26,0.8,0.444863458,0.3563464
560,4,0.6,26,0.8,2.320045586,2.3724077
561,13,0.6,26,0.8,0.08557596,0.07421838
562,22,0.6,26,0.8,0.33925243,0.13857701
563,31,0.6,26,0.8,0.341998731,0.17713536
564,40,0.6,26,0.8,0.344179448,0.16988768
565,4,0.7,26,0.8,2.150536513,2.067217
566,13,0.7,26,0.8,0.37574385,0.32818654
567,22,0.7,26,0.8,0.009491246,0.03401178
568,31,0.7,26,0.8,0.012543647,0.039557427
569,40,0.7,26,0.8,0.010935745,0.033905108
570,4,0.2,32,0.8,1.902985292,1.9680579
571,13,0.2,32,0.8,0.885284495,0.98671997
572,22,0.2,32,0.8,0.544806448,0.5287945
573,31,0.2,32,0.8,0.538428547,0.49282467
574,40,0.2,32,0.8,0.536580292,0.55889726
575,4,0.3,32,0.8,2.053176839,2.1569753
576,13,0.3,32,0.8,0.571781006,0.5744614
577,22,0.3,32,0.8,0.057936337,0.3179735
578,31,0.3,32,0.8,0.047846439,0.29444882
579,40,0.3,32,0.8,0.045069538,0.25414956
580,4,0.4,32,0.8,2.3671726,2.4549994
581,13,0.4,32,0.8,0.010106404,0.24597028
582,22,0.4,32,0.8,0.689654262,0.59000623
583,31,0.4,32,0.8,0.70462418,0.6621219
584,40,0.4,32,0.8,0.708183593,0.57806015
585,4,0.5,32,0.8,2.585511864,2.57977
586,13,0.5,32,0.8,0.165652979,0.11864572
587,22,0.5,32,0.8,0.946476009,0.7385366
588,31,0.5,32,0.8,0.963210386,0.87664926
589,40,0.5,32,0.8,0.966794706,0.8400195
590,4,0.6,32,0.8,2.207739087,2.214421
591,13,0.6,32,0.8,0.013289613,0.073958196
592,22,0.6,32,0.8,0.72283723,0.4782937
593,31,0.6,32,0.8,0.73891332,0.6537263
594,40,0.6,32,0.8,0.741788831,0.66342825
595,4,0.7,32,0.8,1.623709359,1.6387042
596,13,0.7,32,0.8,0.388617416,0.26101592
597,22,0.7,32,0.8,0.203896709,0.13823228
598,31,0.7,32,0.8,0.223014901,0.2565116
599,40,0.7,32,0.8,0.22479182,0.26907104
600,4,0.2,8,1,1.013591898,1.0992733
601,13,0.2,8,1,0.717666833,0.6074303
602,22,0.2,8,1,0.717868879,0.7229484
603,31,0.2,8,1,0.718749984,0.77369756
604,40,0.2,8,1,0.718889249,0.7986215
605,4,0.3,8,1,0.849950408,0.78875965
606,13,0.3,8,1,0.227869375,0.22448513
607,22,0.3,8,1,0.227375637,0.25934902
608,31,0.3,8,1,0.227781741,0.26249924
609,40,0.3,8,1,0.228113682,0.25724673
610,4,0.4,8,1,0.952553342,0.8108814
611,13,0.4,8,1,0.065478742,0.10655879
612,22,0.4,8,1,1.296998747,0.113584734
613,31,0.4,8,1,0.064786052,0.10533579
614,40,0.4,8,1,0.065421256,0.09260058
615,4,0.5,8,1,1.148596877,1.1022006
616,13,0.5,8,1,0.061942627,0.096378714
617,22,0.5,8,1,0.060385821,0.10205778
618,31,0.5,8,1,0.060506562,0.09976123
619,40,0.5,8,1,1.490879783,0.091619395
620,4,0.6,8,1,1.435296588,1.4535099
621,13,0.6,8,1,0.171405588,0.12854871
622,22,0.6,8,1,0.169169013,0.13470319
623,31,0.6,8,1,0.169715333,0.14554542
624,40,0.6,8,1,0.168969631,0.14322287
625,4,0.7,8,1,1.736117312,1.7528229
626,13,0.7,8,1,0.317368216,0.3325686
627,22,0.7,8,1,0.315138051,0.32854182
628,31,0.7,8,1,0.31479913,0.35276136
629,40,0.7,8,1,0.314756877,0.35519558
630,4,0.2,14,1,0.703682275,0.6480795
631,13,0.2,14,1,0.283437114,0.3024391
632,22,0.2,14,1,0.297261786,0.33199835
633,31,0.2,14,1,0.297736338,0.28407526
634,40,0.2,14,1,0.297332438,0.2257648
635,4,0.3,14,1,0.939507762,0.9228338
636,13,0.3,14,1,0.475336704,0.40454832
637,22,0.3,14,1,0.500866053,0.48429525
638,31,0.3,14,1,2.835297434,0.46218088
639,40,0.3,14,1,0.50184184,0.4047859
640,4,0.4,14,1,1.30830536,1.2279139
641,13,0.4,14,1,0.389559874,0.3133213
642,22,0.4,14,1,0.424468713,0.3733956
643,31,0.4,14,1,0.425962721,0.35941005
644,40,0.4,14,1,0.426083802,0.3265061
645,4,0.5,14,1,1.669566724,1.6769588
646,13,0.5,14,1,0.244145966,0.2377238
647,22,0.5,14,1,0.284275908,0.27209422
648,31,0.5,14,1,0.285930862,0.2595569
649,40,0.5,14,1,0.286109316,0.24038213
650,4,0.6,14,1,2.024166712,2.089461
651,13,0.6,14,1,0.061052231,0.13599774
652,22,0.6,14,1,0.102903923,0.14399575
653,31,0.6,14,1,0.104588699,0.13773951
654,40,0.6,14,1,0.104979694,0.12662856
655,4,0.7,14,1,2.323148223,2.297913
656,13,0.7,14,1,0.166878379,0.1998613
657,22,0.7,14,1,0.126862926,0.15761876
658,31,0.7,14,1,0.12531733,0.1704121
659,40,0.7,14,1,0.12488572,0.16798185
660,4,0.2,20,1,0.709151398,0.71367806
661,13,0.2,20,1,0.615206851,0.46556658
662,22,0.2,20,1,0.706176098,0.6314422
663,31,0.2,20,1,0.708336104,0.6204913
664,40,0.2,20,1,0.708232377,0.5822972
665,4,0.3,20,1,1.18189764,1.1103035
666,13,0.3,20,1,0.508065708,0.45393223
667,22,0.3,20,1,0.647294318,0.6695381
668,31,0.3,20,1,0.650197549,0.68336445
669,40,0.3,20,1,0.650763429,0.6237027
670,4,0.4,20,1,1.534868594,1.5263126
671,13,0.4,20,1,0.469453609,0.443813
672,22,0.4,20,1,0.646047673,0.64730495
673,31,0.4,20,1,0.648858525,0.6658267
674,40,0.4,20,1,0.649636748,0.6300374
675,4,0.5,20,1,1.88723833,1.8862494
676,13,0.5,20,1,0.428159829,0.38546458
677,22,0.5,20,1,0.631123359,0.5672127
678,31,0.5,20,1,0.633645908,0.57395315
679,40,0.5,20,1,0.634628973,0.55004805
680,4,0.6,20,1,2.102014964,2.15113
681,13,0.6,20,1,0.269971174,0.15203482
682,22,0.6,20,1,0.472876809,0.3032871
683,31,0.6,20,1,0.474780924,0.3062277
684,40,0.6,20,1,0.475804087,0.29371986
685,4,0.7,20,1,2.276980276,2.3108175
686,13,0.7,20,1,0.05745221,0.054495092
687,22,0.7,20,1,0.12194962,0.0587975
688,31,0.7,20,1,0.123217172,0.068046704
689,40,0.7,20,1,0.124256642,0.066089265
690,4,0.2,26,1,0.919115196,0.889119
691,13,0.2,26,1,0.479143151,0.3563606
692,22,0.2,26,1,0.717271905,0.63720095
693,31,0.2,26,1,0.720204275,0.65571946
694,40,0.2,26,1,0.721441325,0.6013381
695,4,0.3,26,1,1.3269744,1.2176344
696,13,0.3,26,1,0.429705048,0.40574843
697,22,0.3,26,1,0.777565346,0.7548901
698,31,0.3,26,1,0.781265935,0.7978049
699,40,0.3,26,1,0.783373859,0.7261131
700,4,0.4,26,1,1.6324407,1.6435488
701,13,0.4,26,1,0.555679414,0.5541728
702,22,0.4,26,1,0.99949628,0.97750163
703,31,0.4,26,1,1.003578409,1.040285
704,40,0.4,26,1,1.006415928,1.002828
705,4,0.5,26,1,1.969139331,1.9169565
706,13,0.5,26,1,0.594700708,0.532554
707,22,0.5,26,1,1.094300089,0.99622405
708,31,0.5,26,1,1.098335446,1.0606354
709,40,0.5,26,1,1.101170442,1.0477028
710,4,0.6,26,1,2.037714126,1.9771684
711,13,0.6,26,1,0.389514013,0.22873044
712,22,0.6,26,1,0.865625248,0.6929965
713,31,0.6,26,1,0.868949098,0.76423526
714,40,0.6,26,1,0.871483496,0.7664665
715,4,0.7,26,1,1.939559236,1.9789099
716,13,0.7,26,1,0.016564496,0.030567974
717,22,0.7,26,1,0.382234248,0.2390062
718,31,0.7,26,1,0.384756776,0.28985444
719,40,0.7,26,1,0.386752642,0.29255974
720,4,0.2,32,1,1.101926984,1.1217728
721,13,0.2,32,1,0.269270149,0.27311543
722,22,0.2,32,1,0.688684358,0.60562974
723,31,0.2,32,1,0.695935414,0.6456504
724,40,0.2,32,1,0.698511557,0.56987697
725,4,0.3,32,1,1.340992076,1.3938311
726,13,0.3,32,1,0.435799797,0.37119544
727,22,0.3,32,1,1.044330053,0.87686884
728,31,0.3,32,1,1.056225769,0.96495277
729,40,0.3,32,1,1.059915698,0.89737403
730,4,0.4,32,1,1.684198115,1.7567279
731,13,0.4,32,1,0.714145069,0.59730834
732,22,0.4,32,1,1.51424237,1.2334665
733,31,0.4,32,1,1.530996925,1.327841
734,40,0.4,32,1,1.535338774,1.3078521
735,4,0.5,32,1,1.982679128,1.9397467
736,13,0.5,32,1,0.721498057,0.59539974
737,22,0.5,32,1,1.599837113,1.2970695
738,31,0.5,32,1,1.619094743,1.3945715
739,40,0.5,32,1,1.623149897,1.3962181
740,4,0.6,32,1,1.806129457,1.8017583
741,13,0.6,32,1,0.376270979,0.31773022
742,22,0.6,32,1,1.164393832,1.0584579
743,31,0.6,32,1,1.182000514,1.2117491
744,40,0.6,32,1,1.231460687,1.2361838
745,4,0.7,32,1,1.549929624,1.5381432
746,13,0.7,32,1,0.082529995,0.09298188
747,22,0.7,32,1,0.575020475,0.5835747
748,31,0.7,32,1,0.591125755,0.76403457
749,40,0.7,32,1,0.566859634,0.79717505
750,25,0.41,30,0.59,0.326554707,0.40305135
751,13,0.6,13,0.65,0.823676049,0.8286013
752,34,0.42,9,0.81,1.608990286,0.32489255
753,40,0.35,14,1,0.47746635,0.34979817
754,7,0.33,10,0.97,0.194487456,0.21415155
755,15,0.45,31,0.98,1.058247714,0.797337
756,21,0.21,23,0.77,0.357829501,0.32444164
757,4,0.32,20,0.78,1.753434446,1.7354647
758,7,0.32,29,0.55,2.278139958,2.3069289
759,19,0.52,26,0.98,0.995062593,0.8149741
760,12,0.57,25,0.61,0.708725662,0.7080136
761,6,0.43,25,0.6,1.982557748,1.8782634
762,39,0.49,25,0.55,0.554480583,0.55453485
763,27,0.59,16,0.78,0.33506886,0.33226866
764,4,0.55,27,0.93,2.189784471,2.1260362
765,28,0.42,26,0.92,0.748495419,0.7847368
766,23,0.2,20,0.51,1.629887868,1.6703745
767,16,0.56,18,0.62,0.699609868,0.712672
768,30,0.3,30,0.62,1.142281728,1.1184077
769,23,0.47,31,0.68,0.396876717,0.3123761
770,40,0.25,8,0.91,0.481094137,0.32025734
771,18,0.32,12,0.54,1.080429688,1.0805494
772,25,0.56,15,0.69,0.617311113,0.6276253
773,17,0.28,32,0.99,0.729703011,0.54921716
774,18,0.4,32,0.74,0.318433592,0.2924853
775,34,0.28,23,0.97,0.557213428,0.5517817
776,36,0.58,32,0.73,0.616145154,0.48589456
777,9,0.59,26,0.98,0.644370649,0.35160044
778,37,0.35,19,0.61,1.075042346,1.1174121
779,18,0.51,16,0.84,0.11392593,0.16249633
780,16,0.58,8,0.67,0.747041653,0.7249592
781,9,0.44,26,0.77,1.02130114,0.69221073
782,8,0.29,18,0.63,1.482343441,1.3918587
783,25,0.43,26,0.59,0.537281206,0.5453602
784,38,0.29,30,0.58,1.445385825,1.4475664
785,23,0.52,24,1,0.913943983,0.82864696
786,37,0.27,26,0.77,0.475547371,0.3493706
787,24,0.57,9,0.82,0.399662279,0.46730128
788,30,0.45,30,0.74,0.482331029,0.47780955
789,29,0.21,29,0.56,1.976519121,1.925589
790,23,0.35,24,0.84,0.045429512,0.28475368
791,30,0.47,29,0.73,0.410197492,0.40112376
792,38,0.41,31,0.6,0.193203788,0.27886936
793,27,0.33,32,0.51,1.190122436,1.2472154
794,15,0.59,9,0.91,0.251645239,0.25469825
795,9,0.45,15,0.73,0.867389215,0.87529534
796,17,0.45,28,0.62,0.260034216,0.34474963
797,22,0.44,17,0.65,0.762520752,0.77765393
798,37,0.47,18,0.84,0.008915274,0.14354925
799,18,0.34,16,0.87,0.085726764,0.1336227
800,22,0.3,23,0.57,1.462774523,1.487811
801,22,0.51,13,0.59,0.968576798,0.95589453
802,9,0.21,21,0.63,1.422687467,1.3664911
803,28,0.24,12,0.94,0.162782492,0.14017048
804,34,0.36,16,0.75,0.374520723,0.32730553
805,6,0.57,13,0.87,1.247568228,1.2025896
806,18,0.4,13,0.89,0.073069424,0.121047065
807,31,0.47,27,0.79,0.451205206,0.45342386
808,17,0.42,22,0.95,0.556182114,0.49662226
809,37,0.33,31,0.63,0.749319367,0.7421498
810,29,0.37,20,0.83,0.079369605,0.17841025
811,23,0.21,23,0.51,1.939846824,1.8798505
812,27,0.34,10,0.9,0.024860617,0.07066255
813,22,0.49,14,0.94,0.135381274,0.17249154
814,34,0.26,20,0.97,0.552209117,0.53159595
815,7,0.23,10,0.7,0.622436602,0.71805763
816,30,0.46,20,0.74,0.288389466,0.22765285
817,40,0.35,26,0.91,0.456616014,0.48241058
818,18,0.4,24,0.5,1.191771446,1.2171117
819,29,0.56,20,0.75,0.177463021,0.16867739
820,11,0.56,21,0.71,0.668853362,0.60271025
821,22,0.39,14,0.83,0.104573371,0.13496856
822,31,0.33,20,0.74,0.473971461,0.3691309
823,26,0.24,30,0.69,1.092575503,1.118854
824,24,0.43,24,0.67,0.382810134,0.33847573
825,28,0.21,18,0.96,2.972375191,0.38196036
826,12,0.5,26,0.56,0.903911026,0.8082152
827,25,0.5,32,0.86,1.153406294,1.024324
828,33,0.55,16,0.89,0.006253788,0.12554187
829,14,0.3,28,0.91,0.137889231,0.2821734
830,4,0.2,14,0.81,0.93331843,0.92257446
831,26,0.35,30,0.85,0.450842635,0.5372404
832,6,0.51,10,0.98,0.646166504,0.5256832
833,30,0.27,24,0.7,0.835590757,0.7996604
834,20,0.46,12,0.82,0.220004894,0.22271761
835,19,0.27,21,0.61,1.217411286,1.3135022
836,19,0.57,13,0.93,0.05350191,0.13925059
837,18,0.32,20,0.53,1.551900542,1.5745794
838,19,0.29,9,0.7,0.457825513,0.6433309
839,31,0.28,26,0.7,0.888714343,0.78183943
840,4,0.22,9,0.74,1.000452006,0.9126713
841,18,0.34,11,0.75,0.296011327,0.45021668
842,15,0.55,10,0.72,0.601816223,0.64803106
843,39,0.21,31,0.5,2.485311647,2.3777635
844,9,0.54,20,0.62,1.249377875,1.0729834
845,34,0.32,14,0.66,0.682362109,0.7511196
846,11,0.24,13,0.77,0.188914815,0.30516618
847,35,0.4,22,0.91,0.385163324,0.42079696
848,28,0.36,23,0.57,1.190344225,1.1902244
849,9,0.51,24,0.99,0.45912183,0.3819816
850,33,0.56,32,0.84,1.000294383,0.9229842
851,24,0.49,31,0.64,0.286659029,0.22179759
852,10,0.23,22,0.96,0.037310505,0.23046571
853,36,0.31,11,0.58,1.410258575,0.8380826
854,39,0.46,31,0.86,1.035162718,0.9651736
855,6,0.57,20,0.64,2.107373848,1.6983645
856,33,0.21,32,0.5,2.526180833,2.4357474
857,28,0.43,22,0.93,0.521054993,0.53609365
858,4,0.56,28,0.99,2.045198533,1.9565586
859,10,0.27,22,0.86,0.481002086,0.27292392
860,20,0.28,16,0.67,0.676659209,0.7520082
861,20,0.56,22,0.79,0.086389469,0.09760735
862,31,0.47,26,0.59,0.385177876,0.37014866
863,9,0.43,32,1,0.419713498,0.50584775
864,29,0.54,10,0.8,0.399415335,0.45425984
865,22,0.23,8,0.79,0.548911304,0.6371717
866,40,0.46,15,0.54,1.165999014,1.1451943
867,38,0.25,21,0.7,0.734901209,0.7318144
868,11,0.38,20,0.73,0.809711334,0.76325685
869,16,0.42,26,0.67,0.390020143,0.40668884
870,10,0.44,27,0.77,0.783437172,0.4867992
871,18,0.44,27,0.91,0.776804084,0.6677906
872,9,0.21,20,0.75,0.758503252,0.80295485
873,25,0.45,9,0.57,0.919365663,0.91169333
874,12,0.29,16,0.94,0.303234963,0.23420916
875,14,0.31,29,0.82,0.328090815,0.34214303
876,7,0.5,18,0.74,1.419313812,1.1588432
877,18,0.47,18,0.76,0.30296039,0.2706343
878,20,0.43,16,0.57,1.084412277,1.0974832
879,34,0.2,22,0.91,0.380106998,0.22972015
880,21,0.55,13,0.67,0.738519254,0.7326721
881,6,0.34,27,0.86,1.484588565,1.1925857
882,37,0.28,9,0.85,0.212737113,0.1289397
883,9,0.27,18,0.92,0.148309723,0.17714605
884,4,0.3,28,0.87,1.704953689,1.751408
885,39,0.25,27,0.81,0.318729759,0.23702824
886,8,0.34,19,0.67,1.448445687,1.3174292
887,33,0.51,23,0.57,0.58506986,0.5728555
888,7,0.22,9,0.61,0.804904441,0.7555588
889,5,0.43,23,0.64,2.175803244,2.1052368
890,33,0.57,18,0.83,0.062286368,0.12724678
891,20,0.37,11,0.96,0.21870861,0.15510656
892,7,0.48,29,0.72,1.58065976,1.3128651
893,30,0.5,25,0.71,0.048308932,0.1691797
894,39,0.3,18,0.78,0.275496712,0.17709112
895,39,0.57,18,0.89,0.095194876,0.11309125
896,35,0.25,25,0.76,0.566883547,0.4069882
897,9,0.46,28,0.93,0.593256627,0.3985697
898,10,0.3,13,0.87,0.007870085,0.10425574
899,6,0.35,19,0.89,1.176180337,0.78673214
900,25,0.31,9,0.73,0.387283228,0.5786213
901,29,0.46,19,0.62,0.769319987,0.75490224
902,33,0.21,8,0.95,0.652660369,0.5876242
903,29,0.3,10,0.59,0.749080229,0.7638587
904,36,0.3,29,0.51,1.723504686,1.6688275
905,30,0.4,16,0.84,0.060308934,0.12811059
906,19,0.51,18,0.74,0.350071711,0.3051634
907,9,0.52,23,0.79,0.915577915,0.6040974
908,30,0.42,19,0.69,0.592928585,0.50463134
909,38,0.49,30,0.73,0.539437101,0.4265555
910,16,0.23,22,0.84,0.033978073,0.1406206
911,19,0.4,32,0.52,0.590087251,0.7101668
912,24,0.47,25,0.65,0.23259614,0.26233837
913,18,0.4,23,0.7,0.457284594,0.41194373
914,27,0.52,14,0.68,0.683043152,0.6903939
915,24,0.49,30,0.52,0.291499732,0.34748667
916,11,0.39,27,0.69,0.970796981,0.8539534
917,19,0.2,28,0.5,2.321079884,2.2611444
918,33,0.52,10,0.68,0.683190184,0.7052666
919,17,0.2,20,0.84,0.112070592,0.09647758
920,4,0.49,22,0.78,2.406597343,2.479858
921,9,0.37,14,0.79,0.525169258,0.4957412
922,5,0.27,13,0.8,0.950885512,0.7551075
923,37,0.47,30,0.91,1.162508054,1.0882127
924,22,0.45,27,0.93,0.92479322,0.8692667
925,35,0.27,10,0.53,0.927509753,0.8315941
926,16,0.39,29,0.64,0.501142588,0.5642553
927,13,0.28,30,0.76,0.892103462,0.8936823
928,35,0.3,10,0.97,0.099890461,0.16381776
929,20,0.58,21,0.78,0.03216401,0.096140794
930,19,0.36,17,0.82,0.130840479,0.15430158
931,24,0.43,23,0.7,0.343435405,0.28956288
932,17,0.23,26,0.53,1.991957288,1.9775695
933,6,0.27,16,0.73,1.192670769,1.0726236
934,25,0.36,24,0.75,0.330972543,0.27375504
935,13,0.56,11,0.7,0.67753594,0.70750695
936,23,0.35,13,0.69,0.555046141,0.658506
937,17,0.59,14,0.6,0.925677951,0.89798236
938,18,0.22,28,0.5,2.335776339,2.2201385
939,14,0.32,12,0.81,0.093319575,0.16917247
940,17,0.42,14,0.85,0.065487961,0.1373157
941,7,0.37,32,0.97,0.966803631,0.7449065
942,18,0.28,32,0.9,0.336893224,0.35562655
943,32,0.39,32,0.71,0.232715699,0.3053755
944,19,0.36,17,0.76,0.354505512,0.317492
945,19,0.48,12,0.53,1.165619696,1.122486
946,28,0.24,9,0.76,0.409141037,0.5714611
947,24,0.41,17,0.66,0.759665565,0.77391016
948,10,0.41,21,0.63,1.27556376,1.1386417
949,11,0.29,23,0.82,0.594941208,0.43810892
950,23,0.6,27,0.67,0.045823119,0.08308222
951,14,0.39,8,0.97,0.101315862,0.085247815
952,40,0.52,29,0.8,0.705657364,0.5793931
953,35,0.24,12,0.94,0.16253222,0.11403398
954,30,0.34,28,0.76,0.187981078,0.27475747
955,10,0.57,17,0.88,0.425326699,0.31964937
956,30,0.6,27,0.93,0.761582634,0.6255509
957,14,0.26,24,0.61,1.425761909,1.5239426
958,25,0.28,28,0.91,0.315854231,0.41845286
959,20,0.52,24,0.69,0.081517054,0.15770333
960,24,0.53,29,0.79,0.669279266,0.51257885
961,32,0.34,21,0.65,0.934446635,0.9172997
962,23,0.57,25,0.7,0.042073611,0.09141414
963,17,0.2,23,0.53,1.794174085,1.8015709
964,32,0.55,16,0.62,0.804320435,0.8000168
965,9,0.58,18,0.95,0.502821914,0.33368042
966,13,0.28,11,0.62,0.652381512,0.750667
967,21,0.57,15,0.91,0.020313888,0.13108318
968,34,0.52,16,0.74,0.436912399,0.39603862
969,19,0.38,24,0.86,0.224587292,0.34068152
970,33,0.25,23,0.87,0.086226418,0.1701762
971,20,0.31,20,0.99,0.60157809,0.5855761
972,6,0.2,20,0.67,1.443435299,1.3387803
973,20,0.29,19,0.68,0.786636188,0.8412889
974,37,0.47,23,0.63,0.449149734,0.40969762
,,,,,4.854639052,
